"archivo";"sha256"
"src/main/java/com/comidasrapidas/config/AppConfig.java";"fb10fc94e200f3473794a60910bc6e75a460e61df77494d22849eec3b3ad7842"
"src/main/java/com/comidasrapidas/config/DemoDataLoader.java";"c9747a7461c20d8020ce7982578dfbd3ed8b74277521899fde35279f913c23ce"
"src/main/java/com/comidasrapidas/controller/CategoriaController.java";"08798443f1a048524f829cac1d988a32ac498720f340c19346cbea8ccc16f9a9"
"src/main/java/com/comidasrapidas/controller/ClienteController.java";"d3b48080b3d9514dd67f98330d0778a0763573e4c718635f9b7bbbbeb81343a8"
"src/main/java/com/comidasrapidas/controller/ComprobanteController.java";"18e25420d4b4657bc4e56930b8aba50562d89e98f38484f77c88c779be404690"
"src/main/java/com/comidasrapidas/controller/Controles.java";"ae8d469f651e73a6b0490787d759e4fda2635865a83f959a8b10699be3de1c3d"
"src/main/java/com/comidasrapidas/controller/Dialogos.java";"e1534394efb7ff511575b0d6a6da0b339d6f7250b0160e1dbeabb3df59cbfd92"
"src/main/java/com/comidasrapidas/controller/Formulario.java";"b181dbef94fbe40596906b117945ccfb3e8719d551f23dc5d7bdf69e1776d55b"
"src/main/java/com/comidasrapidas/controller/FxTasks.java";"8e86897bae356dd5e85a82fd4e9c569746fb51539b70de65dbfcd7eb021da9a6"
"src/main/java/com/comidasrapidas/controller/HistorialController.java";"470955482147283e4d93118ebdb608aea59e222aac6cfa2a06f977a200d3c5dc"
"src/main/java/com/comidasrapidas/controller/LoginController.java";"9b5c505c27bda4274525047287c25e5f3a8b6c40b2cab917b14e1f254f2c08ac"
"src/main/java/com/comidasrapidas/controller/MainController.java";"01dcd8a5bb5d1fd7fb5a1d692f3d7172c11bccc1fa36c6e1c9d30cdcc68f818c"
"src/main/java/com/comidasrapidas/controller/ProductoController.java";"6a6f362fd1ecafd21c98c7c57b7dd924b64d2ac82551196297f239dd1bd37eeb"
"src/main/java/com/comidasrapidas/controller/UsuarioController.java";"46ead9744b12f5e174f76206d379e6d6d1728063c24b22796a1e3eaa33410e89"
"src/main/java/com/comidasrapidas/controller/VentaController.java";"511a88ccbde5bafc11d676df60db81d1b74e86797b4830f3eae54fdf7a3aaea1"
"src/main/java/com/comidasrapidas/DesktopApp.java";"81828b5423614aeef04d1edfd5ce022e17a5626ac98722cfa5e0458ba79629db"
"src/main/java/com/comidasrapidas/exception/AccesoDenegadoException.java";"002f26081aca7acd38249847e4d54d055554df499cb4c226a41c61512eb8dced"
"src/main/java/com/comidasrapidas/exception/ClienteNoEncontradoException.java";"4ab5735b9dcca86a86875ff26731e890cf7cc98bdf46eb68a1de8262f23fe7e4"
"src/main/java/com/comidasrapidas/exception/DatosInvalidosException.java";"cadf1f66576e96f3d970e484788d73d6eb960226a33ad596267985c75783ab29"
"src/main/java/com/comidasrapidas/exception/ProductoNoEncontradoException.java";"c2680192d9d4452697f0f9055857413526216c1c3ce23fd0c80e57d85467b415"
"src/main/java/com/comidasrapidas/exception/StockInsuficienteException.java";"d0291d5f2b827237d904fc842b37191bbb88d31e119651153cc6f7f3ce6d2606"
"src/main/java/com/comidasrapidas/Launcher.java";"9e10e5fef2384bb61fcd3850ccc1e906118af047b68421286e5a0145b32e6734"
"src/main/java/com/comidasrapidas/model/Categoria.java";"72865020e5c4e8b39feac802cd56761af2724f2986da945100de565564159aca"
"src/main/java/com/comidasrapidas/model/Cliente.java";"ed5fe730971656b1969c301e6260fd2bfe61f430a284e3a6ca31d72dec6a58a5"
"src/main/java/com/comidasrapidas/model/DetalleVenta.java";"70daeeaeed4af13882dddfafb461a8b9d9de5ef0eb68f07d05303d75eb31d7c6"
"src/main/java/com/comidasrapidas/model/LineaCarrito.java";"0fc14ccb1427f00d7e1303a57e828468987c7abab9ddcd1b8c348af45b7ed259"
"src/main/java/com/comidasrapidas/model/Producto.java";"0e9e418f867ed6f51b71dbc7a8f5e76be23e03ef5436d72b65b6e974b0eeb91f"
"src/main/java/com/comidasrapidas/model/Rol.java";"3ab39e4c2bdd31ec73f92f159df3fbe52f95de2adb36312059f5704415312ef1"
"src/main/java/com/comidasrapidas/model/Usuario.java";"1ac92eac3ba6e1bb0a9ca3b4d564f75e43e2e2c492a82b796c5a2243798ff6c5"
"src/main/java/com/comidasrapidas/model/Venta.java";"b00dca4d303d70cd14b7a7371c777a08ff01691eab0289416a57dd6c18109a99"
"src/main/java/com/comidasrapidas/repository/CategoriaRepository.java";"7399f1d81e5f0a71c79edce09c88f65fa6fc973cc18b23abd452b447c0076c58"
"src/main/java/com/comidasrapidas/repository/ClienteRepository.java";"239f0cbcbda3c0218b4176108d4022130fdf964a3c2bdcdf4fd9829ffbc0f1e9"
"src/main/java/com/comidasrapidas/repository/DetalleVentaRepository.java";"bbf18d71b8f7a0f928dea501d5d71d796936fe77cac101098b8a4afd6be9a923"
"src/main/java/com/comidasrapidas/repository/ProductoRepository.java";"e3e6e3a1ba9be000762c0929c6d2f046c0270f683c582cd30215be3eacbf4f8d"
"src/main/java/com/comidasrapidas/repository/UsuarioRepository.java";"76f5c5ff73b4caa9d77bb22890bcf422c9ae5bc277c4477c780679d7ec11e231"
"src/main/java/com/comidasrapidas/repository/VentaRepository.java";"92d9d7923450bc0246ac288e31f67c210b926f250ce0f155b39d9706e132cf6d"
"src/main/java/com/comidasrapidas/service/AuthService.java";"c1b42fe6a95fb83ff3457d059ddba30e5e0210fd611e46f29876d872f925c8e0"
"src/main/java/com/comidasrapidas/service/CarritoService.java";"212dfc500b5b8e647be2cd63ba617642dd4c04a135c6609b27daf1827d4446a6"
"src/main/java/com/comidasrapidas/service/CategoriaService.java";"a4a378b915d8061ed047c0b28f568c36148d4fd809cb2f6b6764224fe52ec3fa"
"src/main/java/com/comidasrapidas/service/ClienteService.java";"40dfd0017fbf76a1b99b1ad708b892436b9688ce9a473c9bb9df0744956aaa8e"
"src/main/java/com/comidasrapidas/service/ComprobanteService.java";"846b204266f607850f361c14006afa2351f88db22b182549e59c8637da4d6a83"
"src/main/java/com/comidasrapidas/service/DemoDataService.java";"f35ada83c9ab3ef0e7a6ce73cb167a191317fc60bac0d6c439b2f4892df1017a"
"src/main/java/com/comidasrapidas/service/DemoDataSummary.java";"23320a66a4464229751bdc2d9b1aed6608ad6aee578a5b87ad2a859576c98ea3"
"src/main/java/com/comidasrapidas/service/ProductoService.java";"dfe8654324f1272d4406647f101a2775c30c861899d9f97bea1d4959927ef4dd"
"src/main/java/com/comidasrapidas/service/SesionService.java";"012e4727a7243c3e39495299d5fe0b12e3135902db44d23c81343144c467fc6b"
"src/main/java/com/comidasrapidas/service/UsuarioService.java";"99ab561dde48658cc873d41f0a4c70c571217ce1d045830c263b9078f6514116"
"src/main/java/com/comidasrapidas/service/VentaService.java";"4212eacc8728f5ce561824aa58d5eaf9c2eeef64a3e50f78427d850d226e42b4"
"src/main/java/com/comidasrapidas/util/Formato.java";"5d26692c7493f1d00595e553f1ca17a19fd7228fdf1a9127aa379d9619cb72ca"
"src/main/java/com/comidasrapidas/util/Validacion.java";"279f01586c1687a04c3f501dcdea0bd7f2d0157634d7bdffedfeb2fe6c6c738a"
